,,,
,Competencies,Definition,Behaviors
,Business Acumen,"• Builds positive working relationships across teams and with external partners.
• Ensures individuals receive needed training and support.
• Maintains professionalism and promotes high standards.
• Leads by example to create a confident, winning culture.
• Inspires others to perform at their best.","Data reading - Top 10 SKU, Top 50 Customer in area, Daily/Monthly reports"
,Operational Excellence,"• Understands the overall business context and what actions are needed.
• Sees uncertainty as an opportunity rather than a challenge.
• Analyses situations effectively before making decisions.
",Anticipates needs and schedule work effectively. Reviews plan and measures progress regularly. Allocates time and other resources as per set priorities under given circumstances.
,Innovation & Adapatability,"• Goes beyond routine questions to gain deeper insights.
• Seeks feedback, learns from experiences, and shares learnings with the team.
• Adjusts plans and priorities based on business needs and encourages openness to change.",Recommends and accepts ideas and builds upon them. Creates new and unique approaches by rethinking or reconceptualizing so as to resolve problems. Has high degree of curiosity. Asks the right questions to get the required information to accomplish tasks.
,Leadership & Influence,"• Influences, motivates, and aligns the team toward common goals.
• Shares information, involves all members, manages expectations, sets targets, and monitors performance.
• Encourages cooperation and teamwork; works toward solutions that benefit all.
• Anticipates and identifies potential problems early.
• Determines root causes before acting and creates multiple solution options.
• Challenges people to grow their skills and capabilities.
• Creates an environment of continuous learning and development.
• Ensures people receive the training and support they need.","Ability to inspire, lead by example, build strong teams, and maintain accountability for performance,goal setting, while staying composed under pressure and maintaining ethical standards."
,Stakeholder Sensitivity,"• Uses two-way communication to express ideas clearly, verbally and in writing.
• Listens actively and avoids unnecessary interruptions.
• Builds and maintains positive relationships with internal and external stakeholders.
• Manages stakeholder expectations effectively.","Seeking feedback from all stakeholders 
Setting up forums for discussion
Create more avenues for communication with channel partners 
Quality of written and oral communication"